ID вакансии;Название вакансии
36849546;Тестировщик
37969333;Тестировщик
38012573;Тестировщик
37987275;Ведущий тестировщик
36276697;Middle QA Engineer
37830535;Тестировщик (ДелоБанк)
38044303;Тестировщик
37895628;Тестировщик ПО
38044605;Инженер-тестировщик сетевого оборудования
37513042;Тестировщик систем поиска и анализа контента [id52127]
38039801;Тестировщик ПО в SCRUM команду в Москву
38035344;Тестировщик ПО
37998100;Стажер-тестировщик
37980813;QA Engineer (ручное тестирование)
35447671;Senior QA Engineer
37179217;Тестировщик ПО (автоматизатор)
37037418;Асессор-тестировщик
37805007;Тестировщик ПО
37951408;Junior Тестировщик (Java)
37939287;Тестировщик ПО
37438741;Тестировщик игр
37037482;Асессор-тестировщик
37904198;Тестировщик
37886487;Старший специалист по тестированию
36209607;Тестировщик программного обеспечения
37340097;Mobile QA Engineer
36851755;QA Engineer (ручное тестирование)
37284952;Специалист по тестированию ПО
36171130;Тестировщик
36165283;Тестировщик
37665209;Тестировщик / QA engineer (middle/senior)
37192991;Специалист по тестированию
37627982;Тестировщик ПО
37622828;Тестировщик
37626720;Тестировщик ПО
37551688;QA-специалист (Тестировщик)
37547843;QA engineer (продуктовая разработка)
