ID вакансии;Название вакансии
36849546;Тестировщик
37969333;Тестировщик
38012573;Тестировщик
37987275;Ведущий тестировщик
36276697;Middle QA Engineer
37830535;Тестировщик (ДелоБанк)
38044303;Тестировщик
37895628;Тестировщик ПО
38044605;Инженер-тестировщик сетевого оборудования
37513042;Тестировщик систем поиска и анализа контента [id52127]
38039801;Тестировщик ПО в SCRUM команду в Москву
38035344;Тестировщик ПО
37998100;Стажер-тестировщик
37980813;QA Engineer (ручное тестирование)
35447671;Senior QA Engineer
37179217;Тестировщик ПО (автоматизатор)
37037418;Асессор-тестировщик
37805007;Тестировщик ПО
37951408;Junior Тестировщик (Java)
37939287;Тестировщик ПО
37438741;Тестировщик игр
37037482;Асессор-тестировщик
37904198;Тестировщик
37886487;Старший специалист по тестированию
36209607;Тестировщик программного обеспечения
37340097;Mobile QA Engineer
36851755;QA Engineer (ручное тестирование)
37284952;Специалист по тестированию ПО
36171130;Тестировщик
36165283;Тестировщик
37665209;Тестировщик / QA engineer (middle/senior)
37192991;Специалист по тестированию
37627982;Тестировщик ПО
37622828;Тестировщик
37626720;Тестировщик ПО
37551688;QA-специалист (Тестировщик)
37547843;QA engineer (продуктовая разработка)
37954600;Инженер по тестированию \ QA engineer
38079685;QA Engineer (Инженер по тестированию)
37990774;Специалист по тестированию Credit Registry
37383374;Тестировщик / QA engineer / Специалист по тестированию
38063201;Тестировщик
38065010;Тестировщик (Q&A Engineer)
37608884;Тестировщик
38059270;Тестировщик ПО/QA
37489931;Тестировщик / QA
34737811;Тестировщик (Big Data)
38058939;Тестировщик
37795406;Инженер - тестировщик оборудования связи
37639017;Специалист по тестированию
38070292;QA Engineer
37031803;Тестировщик (ручное тестирование)
37366858;Ведущий аналитик-тестировщик (функциональное, регрессионное, нагрузочное тестирование)
37521395;Senior QA Engineer / Тестировщик (QA)/ Инженер по автоматизации тестирования ПО
37692069;Тестировщик\ QA
38058268;QA Engineer/Инженер по тестированию ПО
38064574;Middle QA Engineer [Sports.ru]
37642195;QA Engineer
37286448;Тестировщик 1С
38057036;Аналитик-тестировщик ПО
37877991;Тестировщик ПО (1С)
37000211;Middle QA Engineer / Специалист по тестированию ПО
35593489;Performance QA Engineer
38054101;Тестировщик (Автотесты)
36915532;Senior QA Engineer API [Dispatch]
38054353;QA Engineer (Manual)
38065243;Middle Manual QA Engineer — CRM2
38064845;QA Engineer (Java)
38054281;QA Engineer (Automation)
35776679;QA Engineer/Тестировщик
38064269;QA Инженер / Тестировщик (DWH)
37348929;QA engineer
36775892;Senior QA-Engineer в команду Digital Onboarding
36773534;Manual QA Engineer
37291286;Тестировщик/QA
36919309;QA Engineer
38047519;Главный специалист, ЦК Middleware/QA Engineer
37033813;Техник по тестированию (1754) (QA engineer-User Accessibility Tests)
37618022;QA Engineer
36679850;Тестировщик ручного функционального тестирования
38042725;Automation QA engineer (Тимлид) (Ульяновск, Минск, Гомель, Санкт-Петербург, Казань, Калуга, Обнинск)
36134394;Специалист по тестированию ПО
38032427;Тестировщик
38034752;Тестировщик
38041846;Тестировщик ( ARIS)
38043348;QA Engineer WMS
36961917;Инженер-программист по тестированию (1754) (QA engineer Automation Test)
36340413;QA Engineer
38030154;Специалист по тестированию (в Центр Тестирования)
38039806;Тестировщик ПО в SCRUM команду в Москву
37753948;Ведущий тестировщик ПО
37998318;Специалист по тестированию
38042304;Тестировщик ПО (QA Engineer)
36818258;QA Engineer / Тестировщик ПО
38031438;Специалист по тестированию/ QA Engineer
37532344;Тестировщик DWH
34657612;Тестировщик (автоматизированное тестирование)
38035880;Junior QA Engineer
37020725;Специалист по тестированию
36689333;QA Engineer
38024966;SW QA engineer
36671541;Специалист по тестированию 1С ЗУП
38026860;QA Engineer/Ведущий инженер по тестированию
38034449;Тестировщик-автоматизатор
37231973;Senior QA Engineer/ Старший инженер-тестировщик
38042424;Senior Automation QA Engineer
38037423;QA Engineer (remotely)
37292427;QA Automation Team Lead / Руководитель группы тестировщиков (Selenium WebDriver)
38019992;QA Engineer (DLT)
37943417;Стажер-тестировщик
38026404;Инженер-тестировщик телекоммуникационного оборудования и ПО
38009349;Тестировщик ПО
38014614;Тестировщик мобильных приложений/Mobile QA
36602064;Тестировщик
38008833;QA engineer\ Тестировщик
36666299;Тестировщик (нагрузочное тестирование)
38011972;Тестировщик ПО
37954748;Тестировщик ПО
38013611;Тестировщик ПО (автоматизированное тестирование)
38000767;Тестировщик / QA / tester на мобильное приложение
37030230;Senior QA Engineer
38007962;Тестировщик системы анализа банковских транзакций
37492216;Инженер-тестировщик
38001503;Тестировщик ПО / QA engineer
38007971;Automation QA Engineer
38011088;Тестировщик - технический писатель
38007846;Старший специалист по тестированию
38006808;Функциональный тестировщик
38005440;QA Engineer
36914812;Инженер-тестировщик оборудования и встроенного ПО
37538618;Automation QA engineer
37583017;Главный специалист по тестированию
37578769;QA Engineer (Корпоративная карта)
38005699;Networking QA Engineer
38005508;Mobile App QA Engineer
37988485;Тестировщик ПО (ручное тестирование)
37910211;Тестировщик ПО
37984991;Специалист по тестированию (ручное)
33419366;Младший тестировщик
37515680;Тестировщик ПО
36741025;QA Engineer (SberDevices)
37696835;Старший тестировщик
37977786;Тестировщик
36803522;Тестировщик (автоматизированное тестирование)
35929336;Тестировщик
37373454;Ведущий тестировщик ПО
37933496;QA инженер (тестировщик)
37495460;Ведущий тестировщик
37970997;Специалист по тестированию (Qa engineer)
29268436;QA Engineer
37520135;Специалист по тестированию (2/2)
36775646;QA Engineer
35317561;Ведущий тестировщик
37622715;Инженер по ручному тестированию / Manual QA Engineer
36086664;QA engineer (нагрузочное тестирование )
37733888;QA engineer
37083891;Ведущий тестировщик / Мобильное приложение
37981485;Специалист по тестированию web-приложений
37620246;Тестировщик (Junior/Middle)
36260894;QA engineer на проект Digital Credit
37927793;QA Engineer
37733900;QA engineer (проект омниканальность)
36963519;Manual QA engineer
36628504;Тестировщик ПО
35433069;Automation QA Engineer (Python)
37519995;QA Engineer (IOS/Android)
37982286;Backend-разработчик (Тестировщик)
36382510;QA engineer
35854153;Специалист по тестированию на проникновение
37958327;Тестировщик frontend в Яндекс.Лавку
37969144;Ведущий тестировщик
37733879;Performance QA Engineer
35017000;Automation QA Engineer
37976093;Специалист по тестированию
36383010;QA engineer (Kotlin, Swift)
37440982;Тестировщик (web и мобильные приложения)
36860400;Тестировщик встроенного ПО
36657321;QA Engineer (Web)
37481161;Senior QA Engineer (Java)
37987868;QA Engineer в команду (Customer Notification and Loyalty)
37925589;Тестировщик в сервис Яндекс.Еда (Frontend)
36914836;Инженер-тестировщик оборудования и встроенного ПО на производстве
36753443;Ведущий QA engineer
37488385;"Преподаватель курса ""Тестировщик ПО"""
34332959;Инженер по автоматизации тестирования / Automation QA engineer
37243700;QA Engineer (Automation)
36322935;Senior Full-Stack QA Engineer
36540265;Manual QA engineer
36936089;Тестировщик ПО
37963423;Тестировщик (QA Engineer)
37964237;Mobile QA Engineer (Android)
33193876;Ведущий тестировщик встроенного ПО микроконтроллеров
33633113;Тестировщик встроенного прикладного ПО для кузовной электроники
37551245;Тестировщик/QA в Digital Лабораторию
37456683;Тестировщик
37960692;Функциональный тестировщик в банк
37957323;Тестировщик
37463536;Тестировщик ПО
37348624;Специалист по тестированию
37152067;Тестировщик ПО
37945694;Тестировщик
37955785;Ведущий тестировщик
37071792;Тестировщик
37677900;Инженер-тестировщик
37955581;Старший тестировщик
37910618;Тестировщик ПО
37944959;Специалист по тестированию (QA)
37950804;Старший тестировщик
37952752;QA Engineer / Тестировщик
37944943;Ведущий специалист по тестированию (Senior QA)
37440593;Ведущий инженер по тестированию (Senior QA engineer)
37946371;Ведущий тестировщик
37937623;Ведущий тестировщик / Q&A
35920462;QA Engineer
37942771;QA Engineer
37935714;QA Engineer
37950615;Senior Manual QA engineer — Mobile
37935125;Тестировщик ПО
37956869;Инженер по тестированию (QA Engineer)
36725269;Тестировщик
37684664;1С-Тестировщик (удаленно)
37951127;Mobile QA Engineer (manual)
37947797;QA Engineer (Backend)
37932510;Специалист по тестированию (QA нженер)
37929243;QA Automation engineer / Тестировщик
37455484;Senior QA Engineer (System Integration)
37938902;QA engineer (Среда ЭДО)
37310156;Тестировщик / QA Engineer
37925736;Инженер-тестировщик
37479039;Старший специалист (тестировщик) в отдел риск-технологий
36631932;QA engineer
37935660;QA Engineer (функциональное тестирование)
37915998;Старший тестировщик интерфейсов поиска
37928650;QA Engineer
37935581;QA Engineer (ручной тестировщик систем защиты данных)
37938242;Специалист по тестированию 1С
36991779;Функциональный тестировщик банковских систем
37926685;Тестировщик-автоматизатор
37926894;Специалист по тестированию / QA engineer МТС.Cashback
37905170;Тестировщик
36624651;Специалист по тестированию (Ozon Performance)
37911667;Тестировщик
37923202;QA Инженер – Тестировщик (автоматизированное тестирование)
37324363;Специалист по тестированию/QA engineer, Сбербанк Бизнес Онлайн
36061679;Тестировщик
37361580;Инженер-тестировщик (автоматизированное тестирование)
37895817;Старший специалист по тестированию
36739732;Ведущий специалист по тестированию АБС ЦФТ-Банк
37410534;QA Engineer/Инженер по тестированию ПО
37909995;Старший инженер-тестировщик по нагрузочному тестированию
37762648;Специалист по тестированию (игровые приложения)
37293787;QA engineer
37910426;Специалист по тестированию (Отдел разработки сервисов)
37701249;QA engineer / QA специалист
37894708;Ведущий тестировщик
37910422;Специалист по тестированию (Middle)
35679599;Тестировщик (эквайринг, устройства самообслуживания)
37896174;QA / Тестировщик
37896405;Тестировщик ПО (FINTECH)
37889733;Тестировщик ПО (ЦПРИ)
37903276;Manual QA Engineer (Middle/Senior)
37885543;Тестировщик ПО
36970518;Тестировщик
37036702;Старший специалист по тестированию ПО
37894005;Senior QA Engineer
37875256;Тестировщик
37756422;Специалист по тестированию
36919964;QA engineer
37634722;Тестировщик ПО
37415682;Mobile QA Engineer
35856200;Специалист по тестированию/QA engineer
37889716;Стажер-тестировщик С++
37778647;Middle QA тестировщик (manual, desktop/mobile)
37887970;Automation QA Engineer
37413808;QA engineer
37036983;Тестировщик ПО (Инженер процессов)
37445343;Automation QA Engineer (Python)
37858223;QA-специалист (Тестировщик)
37885408;Специалист по тестированию web-приложений
37412989;Специалист по тестированию
37879018;Тестировщик (ABBYY FlexiCapture)
37872560;QA Manual tester
37855553;Тестировщик
37836208;Тестировщик ПО
36803527;QA Engineer (Клубная платформа)
37846334;Специалист по тестированию
37869315;Automation QA Engineer (Python)
35809917;Тестировщик программного обеспечения
37762693;Специалист по тестированию
37798476;Тестировщик АБС (ручник)
37841697;Тестировщик ПО (мобильные приложения) / специалист службы поддержки
37402583;Аналитик-тестировщик
37862991;Инженер-тестировщик
37835781;QA Engineer (Financial services)
37854660;Тестировщик ПО
36717700;Тестировщик ПО
33692104;QA Engineer (Rider/ReSharper С++)
37203785;Тестировщик ПО (инженер по тестированию)
37842212;Функциональный тестировщик
37520566;Manual QA Engineer
37846293;Ведущий специалист по тестированию
37841936;Стажёр - тестировщик в подразделении QA&RA
37455776;QA Engineer / Тестировщик ПО
37443147;Тестировщик в команду HR (Java)
36292955;QA Engineer в команду R-online (платформа)
37332711;Тестировщик-аналитик
37830574;Ведущий Тестировщик (Витрины данных)
37835666;QA Engineer (Retail)
37855206;Senior QA Engineer (Manual, Automation, Кипр)
37841819;Главный инженер по нагрузочному тестированию/ QA-инженер(Тестировщик)
37825807;Тестировщик
37586050;Тестировщик ПО (Remote)
37571011;Senior QA Engineer (Automation, Java, Selenium)
37819801;Тестировщик ПО
37821583;Тестировщик
37815297;Тестировщик (нагрузочное тестирование)
36991114;Тестировщик (автоматизированное тестирование)
37798806;Тестировщик
37811230;QA engineer
37817378;Ведущий специалист по тестированию
37821562;Аналитик-тестировщик
37802248;Тестировщик
37820889;Инженер-тестировщик
37322714;Тестировщик
37817332;Инженер по тестированию (тестировщик)
37926526;Тестировщик ПО
37815858;Тестировщик ПО/ QA Engineer
37415564;Тестировщик / Ведущий тестировщик
37808933;QА engineer / Специалист по тестированию
29683642;Тестировщик (QA Engineer)
37357086;Тестировщик ПО
37373521;Инженер-тестировщик
37817320;Middle QA Engineer
37812636;QA engineer (Marketplace)
37815131;Инженер по тестированию / QA Engineer (сетевое оборудование)
37927317;Инженер-тестировщик (производство электрооборудования)
37816282;QA Engineer (проект ЕФС)
32356758;Старший специалист по тестированию
37780194;Тестировщик
37303142;Тестировщик программного обеспечения / QA
37799029;Тестировщик (data science)
37084214;QA engineer / Мобильное приложение
36979087;QA engineer
37795893;Тестировщик
37791224;QA engineer
30023557;QA Engineer (Space)
37782666;Специалист по тестированию
37738525;Главный программист – тестировщик
37897883;Тестировщик
37774857;QA Engineer
37774859;Mobile QA Engineer
35278719;Старший специалист по тестированию на проникновение (pentest)
37784431;Ведущий QA-инженер/тестировщик встроенного ПО
37292924;Mobile QA Engineer Manual (Middle)
37754300;Специалист по тестированию / Карты
37760371;Младший тестировщик
37770841;Специалист по тестированию/ QC
36861005;Тестировщик СТДО
37763000;Специалист по тестированию
36562428;QA Engineer
37758306;QA Engineer/тестировщик ПО
25261047;Тестировщик ПО
37375015;QA engineer
37766289;Тестировщик ПО
35704998;QA Engineer
37332451;Тестировщик (Хелпдеск)
36596977;QA Engineer (команда возврата товара)
37753638;Специалист по тестированию (IOS/Android)
35985374;Тестировщик - аналитик
37740627;Тестировщик
36585559;QA Engineer (Automation QA Engineer)
37773149;Senior QA Engineer (Кипр)
37764759;QA Engineer
34199922;Тестировщик (специалист по тестированию, QA инженер) ОС Linux
37527498;QA engineer (Тестировщик)
37356969;Тестировщик (Нагрузочное тестирование)
37414458;Специалист по тестированию
37732410;Тестировщик ПО / QA engineer / tester - ручное тестирование
34387781;Android QA Engineer (HQ)
37735198;Тестировщик
36689377;Тестировщик (ERP)
37739932;Тестировщик мобильных приложений
36619892;Тестировщик ПО
37060975;Тестировщик ПО
37318863;QA Engineer
37355042;Старший тестировщик
37765813;QA Engineer - Rates and Credit
37740287;QA тестировщик в команду Credit Card
37721280;QA engineer (GameDev)
34793250;QA Engineer (Rider)
34295763;Тестировщик (Ручное тестирование)
35846638;Senior QA engineer (Java) в команду Trade Finance
35873559;QA engineer (автоматизированное тестирование)
36546961;Аналитик / Тестировщик кассовой системы (POS)
36873498;Специалист по тестированию Security Operations Center (SOC)
34891000;QA Engineer (Profilers team)
35723728;QA Automation / Тестировщик (автоматизированный)
35715699;Ведущий инженер по автоматизированному тестированию / QA engineer
37726317;QA Engineer в команду Customer Notification and Loyalty
37227603;Senior QA engineer (удалённая работа)
37245553;Тестировщик ПО
35855146;QA инженер / Тестировщик
36928099;Старший тестировщик
37693534;Старший инженер-тестировщик (ручное тестирование)
37706222;Тестировщик
37682909;Тестировщик (ручные тесты)
37708647;Младший тестировщик программного обеспечения
37200074;Тестировщик мобильных приложений в JoomPay
37699435;Тестировщик программного обеспечения и приложений
37676990;Тестировщик ПО/QA
37707919;Automation QA Engineer
37708506;QA engineer
37522318;QA Engineer
37683978;QA Engineer
37667191;Инженер-тестировщик (ручное тестирование)
37686463;Стажер-тестировщик
37706229;Стажер-тестировщик (автоматизатор)
36859186;Аналитик - тестировщик (автоматизированное тестирование)
37684665;Нагрузочный тестировщик
33931993;Инженер-тестировщик
37677450;Ведущий авто-тестировщик
37675912;Тестировщик ПО (проект Портал Корпоративного Бизнеса)
37682515;Mobile QA engineer (Esports)
37199916;Специалист/эксперт департамента сертификации и тестирования (тестировщик ПО)
37684924;Тестировщик программного обеспечения(QA engineer/test engineer)
37042464;Тестировщик ПО (QA Engineer)
31882564;Инженер-тестировщик ПО
37703564;Automation QA Engineer
37151794;Тестировщик ПО
37676039;Главный специалист по тестированию
37674002;Специалист по тестированию (AutoQA, Java)
37690348;Тестировщик (платформа 1С)
37108661;QA Engineer (инженер по тестированию)
37658742;Тестировщик - автоматизатор
37642001;QA engineer
35048438;Ведущий специалист по тестированию
37820026;Qa engineer (Middle)
37624676;QA Tester
37646462;Тестировщик web
37639594;Тестировщик (Стажер)
37615913;Специалист по тестированию
37646578;Mobile QA / Тестировщик мобильных приложений
35084396;Инженер по обеспечению качества (QA Engineer)
37634066;Web Penetration Tester
36347727;Тестировщик программного обеспечения
36793897;Тестировщик ПО
37655131;Automation QA Engineer Web
37616845;Тестировщик ПО
36420727;Тестировщик (с английским языком)
37608513;Тестировщик
37635364;Специалист по тестированию ПО (1С)
37640076;Junior QA Engineer
37608593;Младший тестировщик
37617226;Senior QA engineer
36782158;Тестировщик игр (SberDevices)
36854701;Инженер-тестировщик (Middle / Senior)
35071454;Специалист по тестированию ПО
37610900;Специалист по тестированию
36813876;QA Engineer (Big data)
37607185;Ведущий тестировщик
37623479;Тестировщик программного обеспечения по информационной безопасности
37229527;Младший аналитик-тестировщик
37602856;Инженер-тестировщик (Автоматизация тестирования)
37594105;QA тестировщик
37699204;Тестировщик
37425369;QA Engineer
36257727;Senior QA Engineer (проект WMS)
37141923;Специалист по тестированию
36400874;Инженер-тестировщик (нагрузочное тестирование)
37619964;Тестировщик системы Onyx
37682236;Тестировщик - проджект-менеджер (удаленно)
36967716;QA Engineer (Backend)
34901960;Тестировщик программного обеспечения (ПО)
37565125;QA Engineer / Специалист по тестированию ПО
37558816;Тестировщик/QA-инженер (ручное тестирование)
37583979;Специалист по тестированию
37544749;Тестировщик автоматизатор / QA
37558785;Тестировщик/QA-инженер (интеграционные тесты и автоматизированное тестирование)
37583233;Senior \ Regular Functional QA Engineer (Функциональный тестировщик)
37644997;Тестировщик (мобильные игры)
37585069;Ведущий аналитик-тестировщик
37584659;Регулировщик РЭА и приборов/Инженер-тестировщик
37585041;QA тестировщик
33631105;Инженер-тестировщик
37112469;Инженер-тестировщик
37730433;Тестировщик ПО / QA инженер
37570095;Mobile QA Engineer
37592462;Тестировщик логистических роботов
37645611;Junior QA Engineer / QA Automation
37568692;Ведущий QA инженер (ведущий тестировщик)
